Mandate ID,Name,Surname,Email,Cellphone,Id Number,Address Line 1,Address Line 2,Suburb,City,Province,Reference,Service Type,Debit Frequency,Bank Name,Acc Type,Branch Code,Account Holder Name,Acc Number,Collection Type,,Once off amount,Recurring amount,Once off Collection date,Recurring Collection start date,Recurring Collection end date
3234,one,two,1rakesh@mailinator.com,8292733000,7894561230789,1 Away,,Bellville,Cape Town,Western Cape,1bray,Same day,Monthly,ABSA,Cheque,632005,1Johannes Bray,4081293331,Once Off,Recurring,100,300,02/25/2020,02/25/2020,12/25/2020
3235,three,four,2rakesh@mailinator.com,8292733001,7894561230790,2 Away,,Bellville,Cape Town,Western Cape,2bray,Same day,Monthly,ABSA,Cheque,632006,2Johannes Bray,4081293332,Once Off,Recurring,150,450,02/25/2020,02/25/2020,12/25/2020
3236,five,six,3rakesh@mailinator.com,8292733002,7894561230791,3 Away,,Bellville,Cape Town,Western Cape,3bray,Same day,Monthly,ABSA,Cheque,632007,3Johannes Bray,4081293333,Once Off,Recurring,200,600,02/25/2020,02/25/2020,12/25/2020
3237,seven,eight,4rakesh@mailinator.com,8292733003,7894561230792,4 Away,,Bellville,Cape Town,Western Cape,4bray,Same day,Monthly,ABSA,Cheque,632008,4Johannes Bray,4081293334,Once Off,Recurring,100,300,02/25/2020,02/25/2020,12/25/2020
3238,nine,ten,5rakesh@mailinator.com,8292733004,7894561230793,5 Away,,Bellville,Cape Town,Western Cape,5bray,Same day,Monthly,ABSA,Cheque,632009,5Johannes Bray,4081293335,Once Off,Recurring,75,250,02/25/2020,02/25/2020,12/25/2020
3239,eleven,two,6rakesh@mailinator.com,8292733005,7894561230794,6 Away,,Bellville,Cape Town,Western Cape,6bray,Same day,Monthly,ABSA,Cheque,632010,6Johannes Bray,4081293336,,Recurring,,300,,02/25/2020,12/25/2020
3240,thirteen,four,7rakesh@mailinator.com,8292733006,7894561230795,7 Away,,Bellville,Cape Town,Western Cape,7bray,Same day,Monthly,ABSA,Cheque,632011,7Johannes Bray,4081293337,,Recurring,,900,,02/25/2020,12/25/2020
3241,fifteen,six,8rakesh@mailinator.com,8292733007,7894561230796,8 Away,,Bellville,Cape Town,Western Cape,8bray,Same day,Monthly,ABSA,Cheque,632012,8Johannes Bray,4081293338,Once Off,,100,,02/25/2020,,
3242,seventeen,eight,9rakesh@mailinator.com,8292733008,7894561230797,9 Away,,Bellville,Cape Town,Western Cape,9bray,Same day,Monthly,ABSA,Cheque,632013,9Johannes Bray,4081293339,,Recurring,,800,,02/25/2020,12/25/2020
3243,nineteen,ten,10rakesh@mailinator.com,8292733009,7894561230798,10 Away,,Bellville,Cape Town,Western Cape,10bray,Same day,Monthly,ABSA,Cheque,632014,10Johannes Bray,4081293340,,Recurring,,1500,,02/25/2020,12/25/2020
3244,twentyone,twentytwo,11rakesh@mailinator.com,8292733010,7894561230799,11 Away,,Bellville,Cape Town,Western Cape,11bray,Same day,Monthly,ABSA,Cheque,632015,11Johannes Bray,4081293341,,Recurring,,1254,,02/25/2020,12/25/2020
3245,twentythree,twentyfour,12rakesh@mailinator.com,8292733011,7894561230800,12 Away,,Bellville,Cape Town,Western Cape,12bray,Same day,Monthly,African Bank,Cheque,632016,12Johannes Bray,4081293342,Once Off,,150,,02/25/2020,,
3246,twentyfive,twentysix,13rakesh@mailinator.com,8292733012,7894561230801,13 Away,,Bellville,Cape Town,Western Cape,13bray,Same day,Weekly,African Bank,Cheque,632017,13Johannes Bray,4081293343,,Recurring,,4500,,02/25/2020,12/25/2020
3247,twentyseven,twentyeight,14rakesh@mailinator.com,8292733013,7894561230802,14 Away,,Bellville,Cape Town,Western Cape,14bray,Same day,Weekly,African Bank,Cheque,632018,14Johannes Bray,4081293344,,Recurring,,2500,,02/25/2020,12/25/2020
3248,twentynine,twentyten,15rakesh@mailinator.com,8292733014,7894561230803,15 Away,,Bellville,Cape Town,Western Cape,15bray,Same day,Weekly,African Bank,Saving,632019,15Johannes Bray,4081293345,,Recurring,,3600,,02/25/2020,12/25/2020
3249,thirtyone,thirtytwo,16rakesh@mailinator.com,8292733015,7894561230804,16 Away,,Bellville,Cape Town,Western Cape,16bray,Same day,Weekly,Bidvest,Saving,632020,16Johannes Bray,4081293346,,Recurring,,7800,,02/25/2020,12/25/2020
3250,thirtythree,thirtyfour,17rakesh@mailinator.com,8292733016,7894561230805,17 Away,,Bellville,Cape Town,Western Cape,17bray,Same day,Weekly,Bidvest,Saving,632021,17Johannes Bray,4081293347,,Recurring,,787,,02/25/2020,12/25/2020
3251,thirtyfive,thirtysix,18rakesh@mailinator.com,8292733017,7894561230806,18 Away,,Bellville,Cape Town,Western Cape,18bray,Same day,Weekly,Bidvest,Saving,632022,18Johannes Bray,4081293348,,Recurring,,5665,,02/25/2020,12/25/2020
3252,thirtyseven,thirtyeight,19rakesh@mailinator.com,8292733018,7894561230807,19 Away,,Bellville,Cape Town,Western Cape,19bray,Same day,Weekly,Bidvest,Saving,632023,19Johannes Bray,4081293349,,Recurring,,563,,02/25/2020,12/25/2020
3253,thirtynine,thirtyten,20rakesh@mailinator.com,8292733019,7894561230808,20 Away,,Bellville,Cape Town,Western Cape,20bray,Same day,Weekly,Bidvest,Saving,632024,20Johannes Bray,4081293350,Once Off,,500,,02/25/2020,,
3254,fourtyone,fourtytwo,21rakesh@mailinator.com,8292733020,7894561230809,21 Away,,Bellville,Cape Town,Western Cape,21bray,Same day,Weekly,Bidvest,Saving,632025,21Johannes Bray,4081293351,,Recurring,,526,,02/25/2020,12/25/2020
3255,fourtythree,fourtyfour,22rakesh@mailinator.com,8292733021,7894561230810,22 Away,,Bellville,Cape Town,Western Cape,22bray,Same day,Weekly,Capitec,Saving,632026,22Johannes Bray,4081293352,,Recurring,,5632,,02/25/2020,12/25/2020
3256,fourtyfive,fourtysix,23rakesh@mailinator.com,8292733022,7894561230811,23 Away,,Bellville,Cape Town,Western Cape,23bray,Same day,Weekly,Capitec,Saving,632027,23Johannes Bray,4081293353,,Recurring,,561,,02/25/2020,12/25/2020
3257,fourtyseven,fourtyeight,24rakesh@mailinator.com,8292733023,7894561230812,24 Away,,Bellville,Cape Town,Western Cape,24bray,Same day,Annually,Capitec,Saving,632028,24Johannes Bray,4081293354,,Recurring,,561,,02/25/2020,12/25/2020
3258,fourtynine,fourty,25rakesh@mailinator.com,8292733024,7894561230813,25 Away,,Bellville,Cape Town,Western Cape,25bray,Same day,Annually,Capitec,Saving,632029,25Johannes Bray,4081293355,,Recurring,,6134,,02/25/2020,12/25/2020
3259,fiftyone,fiftytwo,26rakesh@mailinator.com,8292733025,7894561230814,26 Away,,Bellville,Cape Town,Western Cape,26bray,Same day,Annually,Capitec,Saving,632030,26Johannes Bray,4081293356,Once Off,,2000,,02/25/2020,,
3260,fiftythree,fiftyfour,27rakesh@mailinator.com,8292733026,7894561230815,27 Away,,Bellville,Cape Town,Western Cape,27bray,Same day,Annually,Capitec,Saving,632031,27Johannes Bray,4081293357,,Recurring,,413,,02/25/2020,12/25/2020
3261,fiftyfive,fiftysix,28rakesh@mailinator.com,8292733027,7894561230816,28 Away,,Bellville,Cape Town,Western Cape,28bray,Same day,Annually,Std Bank,Saving,632032,28Johannes Bray,4081293358,,Recurring,,5464,,02/25/2020,12/25/2020
3262,fiftyseven,fiftyeight,29rakesh@mailinator.com,8292733028,7894561230817,29 Away,,Bellville,Cape Town,Western Cape,29bray,Same day,Annually,Std Bank,Saving,632033,29Johannes Bray,4081293359,Once Off,Recurring,50,454,03/25/2020,03/25/2020,12/25/2020
3263,fiftynine,fiftyten,30rakesh@mailinator.com,8292733029,7894561230818,30 Away,,Bellville,Cape Town,Western Cape,30bray,Same day,Annually,Std Bank,Saving,632034,30Johannes Bray,4081293360,Once Off,Recurring,70,712,02/26/2020,02/26/2020,12/25/2020
3264,sixtyone,sixtytwo,31rakesh@mailinator.com,8292733030,7894561230819,31 Away,,Bellville,Cape Town,Western Cape,31bray,Same day,Bi-annualy,Std Bank,Saving,632035,31Johannes Bray,4081293361,Once Off,Recurring,90,531,02/20/2020,02/20/2020,12/25/2020
3265,sixtythree,sixtyfour,32rakesh@mailinator.com,8292733031,7894561230820,32 Away,,Bellville,Cape Town,Western Cape,32bray,Same day,Bi-annualy,Std Bank,Saving,632036,32Johannes Bray,4081293362,Once Off,Recurring,150,523,02/21/2020,02/21/2020,12/25/2020
3266,sixtyfive,sixtysix,33rakesh@mailinator.com,8292733032,7894561230821,33 Away,,Bellville,Cape Town,Western Cape,33bray,Same day,Bi-annualy,Std Bank,Saving,632037,33Johannes Bray,4081293363,Once Off,Recurring,300,533,02/24/2020,02/24/2020,12/25/2020
